customer_id,age,gender,annual_income,purchase_amount,city,signup_date
1001,32.0,Male,56353.0,,Miami,2021-01-01
1002,29.0,Male,57013.0,316.77,Dallas,2021-01-02
1003,,Male,61476.0,322.63,Chicago,2021-01-03
1004,38.0,Female,44520.0,342.75,San Francisco,2021-01-04
1005,29.0,Female,41948.0,187.69,Miami,2021-01-05
1006,29.0,None,67648.0,267.58,Chicago,2021-01-06
1007,38.0,Female,43503.0,203.57,Los Angeles,2021-01-07
1008,34.0,Male,45222.0,393.59,San Francisco,2021-01-08
1009,28.0,Female,46821.0,,San Francisco,2021-01-09
1010,33.0,Male,71640.0,278.63,Houston,2021-01-10
1011,28.0,Female,58947.0,356.03,Miami,2021-01-11
1012,28.0,Male,62723.0,238.44,Boston,2021-01-12
1013,31.0,Male,56569.0,369.39,New York,2021-01-13
1014,20.0,Female,50185.0,459.61,New York,2021-01-14
1015,21.0,Male,60050.0,318.97,Phoenix,2021-01-15
1016,,Male,42547.0,390.16,Dallas,2021-01-16
1017,25.0,Female,46238.0,92.66,Chicago,2021-01-17
1018,32.0,Male,60864.0,257.09,Miami,2021-01-18
1019,25.0,Female,44142.0,318.49,Dallas,2021-01-19
1020,23.0,Female,53487.0,194.7,Houston,2021-01-20
1021,37.0,Female,53852.0,320.76,San Francisco,2021-01-21
1022,29.0,Male,50771.0,405.99,Boston,2021-01-22
1023,30.0,Male,39391.0,112.04,Miami,2021-01-23
1024,23.0,Male,49969.0,181.09,Dallas,2021-01-24
1025,27.0,Female,48400.0,318.48,Dallas,2021-01-25
1026,31.0,Male,56292.0,346.04,Boston,2021-01-26
1027,24.0,Female,,373.81,Phoenix,2021-01-27
1028,,Female,58024.0,311.09,Chicago,
1029,27.0,Male,49592.0,346.15,Chicago,2021-01-29
1030,29.0,Female,59182.0,390.35,Dallas,2021-01-30
1031,27.0,Male,42552.0,258.55,Los Angeles,2021-01-31
1032,39.0,Male,40425.0,239.14,Dallas,2021-02-01
1033,,Male,,,Dallas,
1034,25.0,Male,51006.0,319.95,None,2021-02-03
1035,34.0,Male,48974.0,234.17,San Francisco,2021-02-04
1036,24.0,Female,61315.0,260.62,Boston,2021-02-05
1037,31.0,Female,49811.0,339.77,Miami,2021-02-06
1038,20.0,Female,57187.0,315.78,Dallas,2021-02-07
1039,23.0,Male,61506.0,281.47,Chicago,2021-02-08
1040,31.0,Male,49509.0,125.89,Chicago,2021-02-09
1041,34.0,Male,57384.0,,New York,2021-02-10
1042,31.0,Female,63015.0,203.0,Phoenix,2021-02-11
1043,,Male,45095.0,398.31,Houston,2021-02-12
1044,,Female,55199.0,269.13,Miami,2021-02-13
1045,23.0,Female,49544.0,200.38,Miami,2021-02-14
1046,26.0,Male,45604.0,293.85,Phoenix,2021-02-15
1047,28.0,Male,42708.0,427.07,Houston,2021-02-16
1048,,Female,45475.0,363.08,San Francisco,2021-02-17
1049,32.0,Male,55480.0,321.99,Dallas,2021-02-18
1050,,Female,42113.0,167.39,Houston,2021-02-19
1051,32.0,Male,50594.0,462.16,Los Angeles,2021-02-20
1052,,Male,61506.0,237.84,New York,2021-02-21
1053,27.0,Female,58592.0,393.38,Houston,2021-02-22
1054,33.0,Male,50756.0,267.46,Houston,2021-02-23
1055,35.0,Female,,383.75,New York,2021-02-24
1056,,Male,70144.0,430.69,None,2021-02-25
1057,26.0,Female,55209.0,364.81,Houston,2021-02-26
1058,28.0,Female,,375.59,New York,2021-02-27
1059,32.0,Male,62092.0,290.16,New York,2021-02-28
1060,35.0,Female,36648.0,256.6,New York,
1061,,Male,66809.0,313.83,Boston,2021-03-02
1062,29.0,Male,63669.0,266.01,Boston,2021-03-03
1063,24.0,Male,69194.0,546.72,Los Angeles,2021-03-04
1064,24.0,Female,57082.0,200.76,San Francisco,2021-03-05
1065,34.0,Female,52109.0,400.21,Boston,2021-03-06
1066,37.0,Male,51399.0,351.72,Boston,2021-03-07
1067,30.0,Male,50630.0,322.99,None,2021-03-08
1068,35.0,Female,62849.0,447.99,Phoenix,2021-03-09
1069,32.0,Male,60698.0,329.84,None,2021-03-10
1070,27.0,Male,55962.0,236.51,Miami,2021-03-11
1071,32.0,Female,49223.0,329.17,San Francisco,2021-03-12
1072,38.0,Male,76034.0,281.68,Los Angeles,2021-03-13
1073,30.0,Female,62299.0,350.33,Dallas,2021-03-14
1074,38.0,Male,,381.31,Los Angeles,2021-03-15
1075,17.0,Female,50870.0,214.09,New York,2021-03-16
1076,34.0,Male,62454.0,,San Francisco,2021-03-17
1077,,Male,48604.0,274.51,Los Angeles,2021-03-18
1078,29.0,Female,,,Los Angeles,2021-03-19
1079,30.0,Male,,361.7,Phoenix,2021-03-20
1080,,Female,27893.0,336.74,None,2021-03-21
1081,29.0,Male,54136.0,289.09,San Francisco,2021-03-22
1082,32.0,Female,54450.0,251.14,None,2021-03-23
1083,,Female,51703.0,273.1,Boston,2021-03-24
1084,27.0,Female,57414.0,456.52,Chicago,2021-03-25
1085,26.0,Female,60260.0,213.41,None,2021-03-26
1086,27.0,Male,56136.0,228.08,Miami,2021-03-27
1087,35.0,Male,52009.0,223.69,Houston,2021-03-28
1088,32.0,Female,,313.58,Phoenix,2021-03-29
1089,27.0,Female,,147.53,San Francisco,2021-03-30
1090,33.0,Female,53154.0,164.64,Houston,2021-03-31
1091,,Male,44502.0,273.9,New York,2021-04-01
1092,35.0,Male,42499.0,171.22,Miami,2021-04-02
1093,26.0,Male,44350.0,179.37,Houston,2021-04-03
1094,28.0,None,57227.0,171.97,Miami,2021-04-04
1095,28.0,Female,,215.34,Dallas,2021-04-05
1096,23.0,Female,43158.0,373.12,New York,2021-04-06
1097,31.0,Female,,395.57,Chicago,2021-04-07
1098,31.0,Male,65994.0,491.9,Los Angeles,2021-04-08
1099,30.0,Male,50212.0,488.24,Miami,2021-04-09
1100,,Male,41072.0,378.63,New York,2021-04-10
1101,23.0,Female,49327.0,,Miami,2021-04-11
1102,28.0,Female,61836.0,313.11,Miami,2021-04-12
1103,28.0,Male,59388.0,351.99,Boston,2021-04-13
1104,26.0,Female,47621.0,494.36,Boston,2021-04-14
1105,29.0,Male,67169.0,,New York,2021-04-15
1106,32.0,Male,65786.0,,Boston,2021-04-16
1107,39.0,Female,49136.0,206.56,Chicago,2021-04-17
1108,31.0,Male,49054.0,233.38,San Francisco,2021-04-18
1109,31.0,Female,50257.0,331.21,New York,2021-04-19
1110,30.0,Male,50941.0,314.99,New York,2021-04-20
1111,20.0,Female,62604.0,,Phoenix,2021-04-21
1112,30.0,Female,,540.74,Phoenix,2021-04-22
1113,30.0,Female,62017.0,317.26,Boston,2021-04-23
1114,42.0,Male,60389.0,255.73,San Francisco,2021-04-24
1115,29.0,Male,68716.0,315.16,Boston,2021-04-25
1116,,Female,46525.0,302.54,Dallas,
1117,30.0,Female,58043.0,318.78,Dallas,2021-04-27
1118,24.0,Male,37609.0,140.63,Los Angeles,2021-04-28
1119,36.0,Male,,429.19,Dallas,2021-04-29
1120,34.0,Male,54401.0,434.88,Phoenix,2021-04-30
1121,34.0,Female,58346.0,447.03,Chicago,2021-05-01
1122,,Male,54185.0,332.54,Dallas,2021-05-02
1123,37.0,Male,50462.0,366.25,Boston,2021-05-03
1124,23.0,Female,51885.0,213.38,Miami,2021-05-04
1125,33.0,Male,65956.0,383.29,New York,2021-05-05
1126,,Male,51928.0,325.18,Chicago,2021-05-06
1127,25.0,Male,68994.0,253.96,Chicago,2021-05-07
1128,27.0,Female,,386.47,Boston,2021-05-08
1129,30.0,Female,58660.0,390.34,New York,2021-05-09
1130,27.0,Female,,306.06,Phoenix,2021-05-10
1131,22.0,Female,62482.0,343.84,Chicago,2021-05-11
1132,30.0,Female,51050.0,196.83,Los Angeles,2021-05-12
1133,25.0,Female,45444.0,424.32,Boston,2021-05-13
1134,32.0,None,59103.0,210.12,Chicago,2021-05-14
1135,25.0,None,43896.0,229.46,San Francisco,2021-05-15
1136,38.0,Male,48902.0,306.23,New York,2021-05-16
1137,26.0,Female,54919.0,411.45,Dallas,2021-05-17
1138,28.0,Male,72747.0,411.39,Chicago,2021-05-18
1139,34.0,Male,49505.0,299.52,Boston,2021-05-19
1140,24.0,Female,51334.0,377.3,Dallas,2021-05-20
1141,31.0,Male,60859.0,131.09,Los Angeles,
1142,37.0,Male,45094.0,228.07,Dallas,2021-05-22
1143,22.0,Male,58542.0,230.1,None,2021-05-23
1144,31.0,Male,64647.0,425.22,Phoenix,2021-05-24
1145,31.0,Male,52543.0,365.47,Chicago,2021-05-25
1146,34.0,Female,63209.0,318.47,Houston,2021-05-26
1147,24.0,Female,57332.0,328.17,Houston,2021-05-27
1148,23.0,Female,49155.0,456.83,Dallas,2021-05-28
1149,33.0,Male,53418.0,282.98,New York,2021-05-29
1150,31.0,Female,51962.0,168.59,Houston,2021-05-30
1151,31.0,Male,54299.0,408.72,Houston,2021-05-31
1152,32.0,Male,56222.0,318.18,New York,2021-06-01
1153,27.0,Male,59706.0,395.37,Miami,2021-06-02
1154,31.0,Male,59069.0,295.52,Houston,2021-06-03
1155,31.0,Female,35546.0,216.13,San Francisco,2021-06-04
1156,26.0,Female,54222.0,340.28,Chicago,2021-06-05
1157,39.0,Male,42925.0,301.02,Chicago,2021-06-06
1158,32.0,Female,52794.0,318.49,Boston,2021-06-07
1159,24.0,Male,54010.0,461.66,Boston,2021-06-08
1160,33.0,Female,62809.0,190.13,New York,
1161,25.0,Female,54759.0,328.59,Los Angeles,2021-06-10
1162,34.0,None,57074.0,218.1,Boston,2021-06-11
1163,,Female,61344.0,40.95,New York,2021-06-12
1164,26.0,Male,64822.0,295.1,Boston,2021-06-13
1165,35.0,Female,54016.0,303.1,Boston,2021-06-14
1166,32.0,Male,55753.0,362.35,Los Angeles,2021-06-15
1167,,Male,55080.0,278.25,Houston,2021-06-16
1168,39.0,Female,50659.0,151.1,Dallas,2021-06-17
1169,29.0,Female,48847.0,217.76,Miami,2021-06-18
1170,26.0,Male,36825.0,431.7,Boston,2021-06-19
1171,26.0,Female,46387.0,216.34,Boston,2021-06-20
1172,26.0,Female,40771.0,458.32,San Francisco,2021-06-21
1173,30.0,Male,,405.0,Miami,2021-06-22
1174,32.0,Male,56507.0,,Los Angeles,2021-06-23
1175,31.0,Female,53992.0,227.09,Chicago,2021-06-24
1176,34.0,Male,49260.0,404.79,Boston,2021-06-25
1177,30.0,Male,55238.0,275.91,Dallas,2021-06-26
1178,37.0,Male,48216.0,145.43,Miami,2021-06-27
1179,29.0,Female,56392.0,356.23,Houston,2021-06-28
1180,44.0,Female,56966.0,341.73,Boston,2021-06-29
1181,33.0,Male,,413.77,Chicago,2021-06-30
1182,26.0,Female,47956.0,334.96,Chicago,2021-07-01
1183,25.0,Male,62698.0,245.09,Boston,2021-07-02
1184,32.0,Female,54577.0,,Phoenix,2021-07-03
1185,29.0,Male,48752.0,436.7,Chicago,2021-07-04
1186,34.0,Male,,323.32,New York,2021-07-05
1187,32.0,Female,,306.03,Chicago,2021-07-06
1188,30.0,Male,54463.0,167.67,Miami,2021-07-07
1189,26.0,Female,61653.0,239.25,Phoenix,2021-07-08
1190,22.0,Female,54779.0,376.08,Los Angeles,
1191,28.0,Male,73909.0,244.27,None,2021-07-10
1192,34.0,Male,58371.0,154.32,Los Angeles,2021-07-11
1193,31.0,Female,56840.0,649.59,Houston,2021-07-12
1194,24.0,Male,47734.0,153.66,San Francisco,2021-07-13
1195,31.0,Male,53092.0,525.68,Houston,2021-07-14
1196,32.0,Male,48768.0,,San Francisco,2021-07-15
1197,26.0,Male,37675.0,291.54,San Francisco,2021-07-16
1198,31.0,Male,62794.0,232.77,New York,2021-07-17
1199,30.0,Female,50908.0,378.28,Dallas,2021-07-18
1200,24.0,Female,,,Miami,2021-07-19
1201,32.0,Male,56685.0,115.97,Los Angeles,2021-07-20
1202,33.0,Male,59100.0,461.02,Chicago,2021-07-21
1203,35.0,Male,52434.0,219.6,None,2021-07-22
1204,35.0,Female,54979.0,374.61,Miami,2021-07-23
1205,,Male,60969.0,191.45,Houston,2021-07-24
1206,25.0,Female,52118.0,370.84,New York,2021-07-25
1207,,Female,57419.0,468.35,Houston,2021-07-26
1208,33.0,Female,41726.0,247.29,Dallas,2021-07-27
1209,33.0,Male,,106.66,Phoenix,2021-07-28
1210,49.0,Female,59844.0,468.88,New York,2021-07-29
1211,33.0,Male,44652.0,392.62,Houston,2021-07-30
1212,36.0,Female,56873.0,,Dallas,2021-07-31
1213,35.0,Male,53824.0,278.2,Houston,2021-08-01
1214,33.0,Female,52084.0,188.93,Miami,2021-08-02
1215,28.0,None,48372.0,442.03,Phoenix,2021-08-03
1216,34.0,Female,62275.0,246.53,Boston,2021-08-04
1217,,Male,68839.0,158.13,Miami,2021-08-05
1218,29.0,None,57402.0,321.36,Phoenix,2021-08-06
1219,28.0,None,57580.0,,Dallas,2021-08-07
1220,30.0,Male,49541.0,197.0,New York,2021-08-08
1221,42.0,Female,45431.0,256.99,San Francisco,2021-08-09
1222,21.0,Female,,308.64,Houston,
1223,33.0,Male,47210.0,161.89,Los Angeles,2021-08-11
1224,22.0,Female,40819.0,438.51,Phoenix,2021-08-12
1225,28.0,Male,61428.0,367.72,Chicago,2021-08-13
1226,35.0,Male,61817.0,263.46,Dallas,2021-08-14
1227,,Female,48129.0,209.67,Boston,2021-08-15
1228,25.0,Male,,291.08,San Francisco,2021-08-16
1229,26.0,Male,63016.0,389.94,Chicago,2021-08-17
1230,33.0,Female,56640.0,374.46,Boston,2021-08-18
1231,26.0,Male,45455.0,405.85,Los Angeles,2021-08-19
1232,31.0,Male,53137.0,251.96,None,2021-08-20
1233,30.0,Male,65614.0,7.51,Houston,2021-08-21
1234,,Male,56976.0,424.78,New York,2021-08-22
1235,41.0,Female,59313.0,283.28,Boston,2021-08-23
1236,33.0,Female,57733.0,,San Francisco,
1237,20.0,Female,48156.0,466.92,Phoenix,2021-08-25
1238,31.0,Male,,543.44,None,2021-08-26
1239,27.0,Male,57711.0,235.02,San Francisco,2021-08-27
1240,34.0,Female,61535.0,313.4,Phoenix,2021-08-28
1241,,None,63799.0,436.68,Boston,2021-08-29
1242,29.0,Male,48135.0,215.57,Dallas,2021-08-30
1243,33.0,Male,58465.0,241.79,Phoenix,
1244,34.0,Male,64496.0,241.2,Miami,2021-09-01
1245,24.0,Female,47103.0,297.19,Los Angeles,2021-09-02
1246,28.0,Female,66894.0,277.99,New York,2021-09-03
1247,28.0,Female,68112.0,240.62,Boston,2021-09-04
1248,,Male,76001.0,203.42,Chicago,2021-09-05
1249,39.0,Female,56847.0,381.19,San Francisco,2021-09-06
1250,32.0,Female,56891.0,433.78,Boston,2021-09-07
1251,24.0,Male,,448.27,Dallas,2021-09-08
1252,35.0,Male,61382.0,251.89,Miami,2021-09-09
1253,41.0,Female,64011.0,385.37,San Francisco,2021-09-10
1254,35.0,None,,323.63,Phoenix,2021-09-11
1255,22.0,Female,54152.0,242.93,Boston,2021-09-12
1256,28.0,Female,64776.0,373.42,Los Angeles,2021-09-13
1257,36.0,Male,46430.0,238.34,San Francisco,2021-09-14
1258,,Female,55047.0,,None,2021-09-15
1259,32.0,None,67510.0,162.33,Miami,2021-09-16
1260,34.0,Male,44998.0,253.58,New York,2021-09-17
1261,25.0,Female,49580.0,325.39,San Francisco,2021-09-18
1262,30.0,Male,60374.0,456.89,Dallas,2021-09-19
1263,,None,58151.0,264.65,Boston,2021-09-20
1264,25.0,Male,48000.0,196.18,Phoenix,2021-09-21
1265,29.0,None,51670.0,449.74,New York,2021-09-22
1266,24.0,Female,45554.0,249.54,New York,2021-09-23
1267,38.0,Male,62844.0,125.16,Miami,2021-09-24
1268,,Female,52953.0,313.31,Dallas,2021-09-25
1269,28.0,Female,69337.0,267.52,Phoenix,2021-09-26
1270,31.0,Male,55649.0,530.04,None,2021-09-27
1271,37.0,None,53242.0,347.54,Dallas,2021-09-28
1272,23.0,Female,52465.0,285.37,Dallas,2021-09-29
1273,36.0,Male,53046.0,207.55,Chicago,2021-09-30
1274,30.0,Female,55887.0,,Boston,2021-10-01
1275,25.0,None,75099.0,445.67,New York,2021-10-02
1276,32.0,Female,52289.0,331.18,New York,2021-10-03
1277,31.0,Female,52549.0,215.26,Dallas,2021-10-04
1278,27.0,Male,55525.0,353.88,New York,2021-10-05
1279,,Male,63722.0,295.14,None,2021-10-06
1280,28.0,Male,43632.0,,New York,2021-10-07
1281,31.0,Male,58641.0,264.52,Dallas,2021-10-08
1282,33.0,Female,48461.0,262.17,None,2021-10-09
1283,38.0,Female,59426.0,258.22,Boston,2021-10-10
1284,,Male,51050.0,394.22,Dallas,2021-10-11
1285,,Female,36567.0,263.18,New York,2021-10-12
1286,20.0,Female,57957.0,,Phoenix,2021-10-13
1287,29.0,Female,,,Boston,2021-10-14
1288,33.0,Male,50367.0,,Chicago,2021-10-15
1289,31.0,Male,49893.0,331.17,Dallas,
1290,27.0,Male,44509.0,,Phoenix,2021-10-17
1291,29.0,Female,61185.0,229.06,Dallas,2021-10-18
1292,28.0,Male,62058.0,487.62,New York,2021-10-19
1293,27.0,Male,47968.0,111.96,San Francisco,2021-10-20
1294,34.0,Male,50681.0,349.32,Miami,2021-10-21
1295,32.0,Male,54494.0,429.14,Los Angeles,2021-10-22
1296,27.0,Male,73167.0,-38.68,Phoenix,2021-10-23
1297,34.0,Male,59361.0,379.41,Houston,2021-10-24
1298,32.0,Female,47453.0,277.97,Dallas,2021-10-25
1299,34.0,Female,57430.0,325.61,Dallas,2021-10-26
1300,33.0,Male,43986.0,267.68,Los Angeles,2021-10-27
1301,26.0,Male,60744.0,407.54,Los Angeles,2021-10-28
1302,27.0,Female,68404.0,336.31,Houston,2021-10-29
1303,34.0,None,,313.17,New York,2021-10-30
1304,,Male,60879.0,210.11,Miami,
1305,30.0,Male,50333.0,488.23,San Francisco,2021-11-01
1306,31.0,Male,44593.0,300.99,San Francisco,2021-11-02
1307,,Male,43798.0,528.98,Chicago,2021-11-03
1308,27.0,Female,32550.0,492.76,Chicago,2021-11-04
1309,33.0,Male,60551.0,122.16,New York,2021-11-05
1310,29.0,Male,54177.0,234.51,Chicago,2021-11-06
1311,29.0,Male,62274.0,196.3,None,2021-11-07
1312,35.0,Male,66424.0,295.18,Houston,2021-11-08
1313,,Female,55799.0,318.72,Houston,2021-11-09
1314,34.0,Female,56168.0,322.99,Chicago,2021-11-10
1315,37.0,Female,51285.0,405.41,Boston,
1316,30.0,Male,52231.0,449.36,Boston,2021-11-12
1317,33.0,Male,60828.0,396.75,New York,2021-11-13
1318,28.0,Female,53605.0,243.91,San Francisco,2021-11-14
1319,32.0,Male,,221.8,Los Angeles,2021-11-15
1320,29.0,Male,54853.0,300.28,New York,2021-11-16
1321,30.0,Female,62091.0,342.61,Chicago,2021-11-17
1322,33.0,None,49459.0,281.68,Houston,2021-11-18
1323,26.0,Female,54468.0,165.45,Dallas,2021-11-19
1324,40.0,Female,56962.0,368.21,Phoenix,2021-11-20
1325,25.0,Male,64282.0,260.77,Houston,2021-11-21
1326,24.0,Male,53086.0,,Boston,2021-11-22
1327,36.0,None,49257.0,294.54,Houston,2021-11-23
1328,34.0,Male,51125.0,276.01,Los Angeles,2021-11-24
1329,33.0,Female,63424.0,263.35,Chicago,2021-11-25
1330,33.0,Female,71266.0,171.99,Dallas,2021-11-26
1331,30.0,Male,44490.0,288.78,Boston,2021-11-27
1332,26.0,Female,46238.0,370.3,Boston,2021-11-28
1333,30.0,None,53650.0,326.46,Miami,2021-11-29
1334,27.0,Male,,,San Francisco,2021-11-30
1335,35.0,Male,61296.0,227.15,None,2021-12-01
1336,29.0,Male,47871.0,172.19,Boston,2021-12-02
1337,26.0,Female,46495.0,275.42,San Francisco,2021-12-03
1338,28.0,Male,56105.0,238.58,Boston,2021-12-04
1339,32.0,Female,52933.0,248.97,Chicago,2021-12-05
1340,27.0,Female,62414.0,321.17,San Francisco,2021-12-06
1341,26.0,Female,58899.0,249.69,Miami,2021-12-07
1342,31.0,Female,59443.0,174.99,Chicago,2021-12-08
1343,31.0,Male,54164.0,244.1,Dallas,2021-12-09
1344,27.0,Male,73845.0,334.01,Los Angeles,2021-12-10
1345,28.0,Female,48298.0,367.15,Los Angeles,2021-12-11
1346,31.0,Female,59886.0,366.14,Phoenix,2021-12-12
1347,23.0,Male,44842.0,342.45,Phoenix,2021-12-13
1348,23.0,Female,46412.0,283.19,San Francisco,2021-12-14
1349,26.0,Male,,340.49,Los Angeles,2021-12-15
1350,29.0,Female,68035.0,295.77,San Francisco,2021-12-16
1351,32.0,Male,57111.0,311.31,Phoenix,2021-12-17
1352,37.0,Female,50276.0,206.07,Dallas,2021-12-18
1353,34.0,Female,57995.0,304.39,Boston,2021-12-19
1354,29.0,Male,55281.0,337.87,Houston,2021-12-20
1355,30.0,Female,51064.0,334.11,San Francisco,2021-12-21
1356,25.0,Female,43827.0,171.25,Dallas,2021-12-22
1357,,Male,66508.0,309.63,Los Angeles,2021-12-23
1358,29.0,Female,56679.0,155.61,Boston,2021-12-24
1359,32.0,Male,72390.0,317.37,Miami,2021-12-25
1360,26.0,Male,62523.0,229.87,Phoenix,2021-12-26
1361,33.0,Female,59411.0,470.56,Houston,2021-12-27
1362,38.0,Female,51518.0,311.92,Dallas,2021-12-28
1363,,Female,46237.0,380.12,Boston,2021-12-29
1364,32.0,None,53258.0,511.09,None,2021-12-30
1365,33.0,Female,46006.0,218.26,New York,2021-12-31
1366,28.0,Female,,343.57,Houston,2022-01-01
1367,31.0,Female,68061.0,181.41,Houston,2022-01-02
1368,30.0,Male,52913.0,334.49,New York,2022-01-03
1369,30.0,Female,62556.0,476.57,Miami,2022-01-04
1370,26.0,Male,49486.0,237.21,Chicago,2022-01-05
1371,30.0,Female,52580.0,211.4,Phoenix,2022-01-06
1372,32.0,Female,48480.0,290.88,Dallas,2022-01-07
1373,37.0,None,37935.0,,Boston,2022-01-08
1374,35.0,Female,54708.0,377.1,Dallas,2022-01-09
1375,41.0,Female,56028.0,209.51,Chicago,2022-01-10
1376,26.0,Male,63527.0,445.51,Dallas,2022-01-11
1377,34.0,Female,,134.49,New York,2022-01-12
1378,31.0,Female,61472.0,513.66,Houston,2022-01-13
1379,,None,47208.0,385.65,None,2022-01-14
1380,26.0,Male,58676.0,476.36,San Francisco,2022-01-15
1381,26.0,Female,67661.0,135.22,Chicago,2022-01-16
1382,27.0,Female,58039.0,316.94,Miami,2022-01-17
1383,19.0,Female,69629.0,286.61,San Francisco,2022-01-18
1384,27.0,Female,71152.0,199.3,New York,2022-01-19
1385,26.0,Male,52852.0,170.4,Los Angeles,2022-01-20
1386,31.0,Male,49424.0,350.71,New York,2022-01-21
1387,32.0,Female,48908.0,359.77,Miami,2022-01-22
1388,39.0,Female,42871.0,430.0,Miami,
1389,35.0,Male,50853.0,249.66,San Francisco,2022-01-24
1390,27.0,Male,,285.84,Chicago,2022-01-25
1391,26.0,None,37368.0,161.75,Phoenix,2022-01-26
1392,32.0,Male,,454.08,Houston,2022-01-27
1393,23.0,Female,53983.0,306.95,San Francisco,2022-01-28
1394,39.0,Male,47983.0,372.26,Miami,2022-01-29
1395,36.0,Male,,375.79,Los Angeles,2022-01-30
1396,28.0,Male,50901.0,445.91,Boston,2022-01-31
1397,21.0,Male,52940.0,216.86,Miami,2022-02-01
1398,37.0,Female,49164.0,369.76,Miami,2022-02-02
1399,29.0,Male,,297.5,San Francisco,2022-02-03
1400,36.0,Male,62474.0,,Miami,2022-02-04
1401,,Female,63397.0,216.56,Miami,2022-02-05
1402,,Male,,417.14,Chicago,2022-02-06
1403,30.0,Male,32923.0,335.03,Houston,2022-02-07
1404,30.0,Female,63507.0,329.79,Los Angeles,2022-02-08
1405,28.0,Male,45170.0,,None,2022-02-09
1406,33.0,Female,56702.0,434.67,Phoenix,2022-02-10
1407,25.0,Female,42475.0,326.39,Phoenix,2022-02-11
1408,29.0,Female,65382.0,147.56,Dallas,2022-02-12
1409,31.0,Female,75349.0,421.95,San Francisco,
1410,33.0,Male,56462.0,403.62,San Francisco,2022-02-14
1411,,Female,54247.0,358.71,New York,2022-02-15
1412,24.0,Male,52423.0,187.15,Los Angeles,2022-02-16
1413,22.0,Male,61254.0,202.69,Miami,2022-02-17
1414,36.0,Male,,112.26,None,2022-02-18
1415,,Male,63028.0,346.03,Dallas,2022-02-19
1416,26.0,Male,49977.0,165.05,New York,2022-02-20
1417,38.0,Male,57721.0,128.12,Chicago,2022-02-21
1418,31.0,Male,50660.0,427.5,Los Angeles,2022-02-22
1419,36.0,Male,46538.0,376.82,Chicago,2022-02-23
1420,30.0,Male,54672.0,266.68,Phoenix,2022-02-24
1421,40.0,Male,47620.0,286.6,Dallas,2022-02-25
1422,39.0,Female,64390.0,59.27,Miami,2022-02-26
1423,29.0,Female,48105.0,391.67,Houston,2022-02-27
1424,,Female,57908.0,230.73,San Francisco,2022-02-28
1425,33.0,Male,50173.0,333.03,Dallas,2022-03-01
1426,,Female,57217.0,51.14,None,2022-03-02
1427,25.0,Female,50808.0,397.76,Boston,2022-03-03
1428,33.0,None,44942.0,224.72,San Francisco,2022-03-04
1429,35.0,Male,58870.0,162.4,San Francisco,
1430,21.0,Male,,266.04,Boston,2022-03-06
1431,24.0,Male,57288.0,240.36,New York,2022-03-07
1432,20.0,Male,51569.0,407.43,New York,2022-03-08
1433,29.0,Female,44377.0,257.96,Boston,2022-03-09
1434,34.0,Female,63665.0,436.26,Houston,2022-03-10
1435,38.0,Female,60894.0,333.01,Phoenix,2022-03-11
1436,30.0,Female,50464.0,,Boston,2022-03-12
1437,38.0,Male,55558.0,299.78,None,2022-03-13
1438,23.0,Male,63336.0,427.21,Houston,
1439,21.0,Male,51344.0,184.64,Dallas,2022-03-15
1440,30.0,Female,52585.0,311.36,Phoenix,2022-03-16
1441,32.0,Male,56949.0,260.36,San Francisco,2022-03-17
1442,30.0,Male,51327.0,439.66,San Francisco,2022-03-18
1443,20.0,Female,61857.0,449.9,Houston,2022-03-19
1444,,Female,53649.0,300.04,Phoenix,2022-03-20
1445,23.0,Male,48728.0,170.85,Chicago,
1446,33.0,Male,59869.0,342.71,Houston,2022-03-22
1447,32.0,Male,45863.0,133.54,Houston,2022-03-23
1448,25.0,Male,71119.0,462.61,Chicago,2022-03-24
1449,27.0,Male,67660.0,252.68,Phoenix,2022-03-25
1450,25.0,Male,59108.0,296.94,Phoenix,2022-03-26
1451,30.0,Female,58435.0,231.9,San Francisco,2022-03-27
1452,35.0,Female,58060.0,209.82,Houston,2022-03-28
1453,25.0,Female,51087.0,373.73,Houston,2022-03-29
1454,33.0,None,57378.0,284.14,Miami,2022-03-30
1455,27.0,Female,47615.0,304.25,Dallas,2022-03-31
1456,26.0,None,59031.0,199.61,Houston,2022-04-01
1457,29.0,Male,61943.0,385.61,Los Angeles,2022-04-02
1458,25.0,Female,51975.0,395.78,Dallas,
1459,27.0,Male,50239.0,279.11,Los Angeles,2022-04-04
1460,24.0,Male,45300.0,426.79,Phoenix,2022-04-05
1461,40.0,Female,66664.0,289.59,Dallas,2022-04-06
1462,30.0,Female,50875.0,377.98,Houston,2022-04-07
1463,27.0,Female,53410.0,137.71,Chicago,2022-04-08
1464,31.0,Male,57401.0,,San Francisco,2022-04-09
1465,29.0,Female,57258.0,272.85,Los Angeles,2022-04-10
1466,29.0,None,60972.0,315.55,Dallas,2022-04-11
1467,33.0,Male,51965.0,311.07,Houston,2022-04-12
1468,34.0,Female,45891.0,312.57,Dallas,2022-04-13
1469,27.0,Female,44491.0,361.57,Houston,2022-04-14
1470,27.0,Female,50366.0,,Houston,2022-04-15
1471,29.0,Male,47385.0,356.91,Houston,2022-04-16
1472,18.0,Male,52571.0,423.25,Miami,2022-04-17
1473,22.0,Male,65461.0,158.99,San Francisco,2022-04-18
1474,37.0,Male,51982.0,221.95,Chicago,2022-04-19
1475,38.0,None,51979.0,226.15,Chicago,2022-04-20
1476,29.0,Male,54869.0,190.8,Dallas,2022-04-21
1477,33.0,Male,51755.0,252.53,Dallas,
1478,,Female,54461.0,,Houston,2022-04-23
1479,45.0,Female,59327.0,444.76,Miami,2022-04-24
1480,36.0,Female,62078.0,310.62,Houston,2022-04-25
1481,29.0,Male,63026.0,267.58,Miami,2022-04-26
1482,25.0,Male,71455.0,380.29,Houston,2022-04-27
1483,22.0,Male,59555.0,63.6,Los Angeles,2022-04-28
1484,31.0,Female,72876.0,194.48,Los Angeles,2022-04-29
1485,26.0,Female,48788.0,67.84,Phoenix,2022-04-30
1486,23.0,Male,71730.0,193.43,Houston,2022-05-01
1487,27.0,Female,51957.0,223.3,San Francisco,2022-05-02
1488,25.0,Female,52744.0,447.77,Phoenix,2022-05-03
1489,38.0,Female,54041.0,23.89,Dallas,2022-05-04
1490,34.0,None,53251.0,258.33,Houston,2022-05-05
1491,,Female,55687.0,361.96,Los Angeles,2022-05-06
1492,37.0,Female,50360.0,341.07,Miami,2022-05-07
1493,30.0,Male,61640.0,446.17,San Francisco,2022-05-08
1494,26.0,None,50577.0,316.11,Houston,2022-05-09
1495,,Female,60245.0,337.43,None,2022-05-10
1496,33.0,Female,67222.0,116.15,Chicago,2022-05-11
1497,25.0,Male,52143.0,,Miami,2022-05-12
1498,29.0,Male,61355.0,,Phoenix,2022-05-13
1499,26.0,Female,59473.0,357.26,Chicago,2022-05-14
1500,23.0,Female,73023.0,334.87,Phoenix,2022-05-15
